5/26/2022,1,A,FITEXTRALG,,17604867,80,142863,7463,1596,,1596,15183,10.63,12,2450,450,324000,151642.5,720,0,383,35,7720
5/26/2022,1,B,FITEXTRALG,,17604867,80,132657,5519,1738,,1828,-13583,-10.24,12,2450,450,324000,161055,720,0,362,41,-19102
5/26/2022,2,A,FITEXTRAXLG,,17605509,80,174452,6060,2133,,2133,3812,2.19,12,2450,450,324000,120180,720,0,453,53,-2248
5/26/2022,2,B,FITEXTRAXLG,,17605509,80,172160,6184,1919,,2079,5840,3.39,12,2450,450,324000,115230,720,0,464,52,-344
5/26/2022,3,A,FIT23005A,,19378162,80,,,,,0,0,0,0,0,400,0,0,0,0,0,0,0
5/26/2022,3,B,FIT23005A,,19378162,80,84952,7999,14,,938,9912,11.67,10,2175,400,288000,198346.6667,600,0,224,14,1913
5/26/2022,4,A,FITPLUSLG,,17666613,80,113290,17190,1229,,1229,14970,13.21,12,2450,450,324000,185497.5,720,0,308,27,-2220
5/26/2022,4,B,FITPLUSLG,,17666613,80,106922,16637,1079,,1124,17002,15.90,12,2450,450,324000,192720,720,0,292,25,365
5/26/2022,5,A,MSC13600A,,17666431,80,186538,4481,2286,,2286,3658,1.96,12,2150,395,284400,77696.5,720,0,523,38,-823
5/26/2022,5,B,MSC13600A,,17666431,80,158539,2755,1734,,1914,5419,3.42,12,2150,395,284400,106702.6667,720,0,450,32,2664
5/26/2022,6,A,FITPLUSXLG,,17666625,80,146150,9608,1596,,1596,18470,12.64,10,2450,450,324000,155992.5,600,0,373,40,8862
5/26/2022,6,B,FITPLUSXLG,,17666625,80,202469,10440,2023,,2343,15029,7.42,12,2450,450,324000,76365,720,0,550,59,4589
5/26/2022,7,A,MUP0365P,,19406950,80,144819,3799,1711,,1711,7939,5.48,12,1880,350,252000,76084.16667,720,0,503,57,4140
5/26/2022,7,B,MUP0365P,,19406950,80,89282,1609,1068,,1098,1442,1.62,12,1880,350,252000,144182.5,720,0,308,37,-167
5/26/2022,8,A,USAP3136LC1,,17590168,40,21726,3084,451,,451,3686,16.97,12,0,600,432000,296800,720,0,225,8,602
5/26/2022,8,B,USAP3136LC1,,17590168,40,14167,818,367,,367,-513,-3.62,12,0,600,432000,358770,720,0,122,6,-1331
5/26/2022,9,A,FITEXTRAMD,,24506041,80,197554,5952,2366,,2366,8274,4.19,12,2450,450,324000,95670,720,0,507,53,2322
5/26/2022,9,B,FITEXTRAMD,,24309090,80,6186,514,119,,119,-3334,-53.90,12,2450,450,324000,324000,720,0,0,3,-3848
5/26/2022,10,A,MSC13005A,,,80,108713,4359,1444,,1444,-6807,-6.26,12,2175,450,288000,186946.6667,720,0,253,22,-11166
5/26/2022,10,B,MSC13005A,,24506041,80,117900,6301,1200,,1332,11340,9.62,12,2175,450,288000,180786.6667,720,0,268,20,5039
5/26/2022,12A,A,WAL380,,27834663,300,196326,16030,369,,369,85626,43.61,10,0,600,432000,211820,600,0,367,3,69596
5/26/2022,12A,B,WAL380,,27834663,300,217585,16442,605,,605,36085,16.58,12,0,600,432000,182450,720,0,416,4,19643
5/26/2022,12B,A,NON27357A,,26719812,300,249572,13947,629,,629,60872,24.39,12,0,600,432000,126790,720,0,509,6,46925
5/26/2022,12B,B,NON27357A,,26719812,300,190722,17212,459,,459,53022,27.80,12,0,600,432000,195190,720,0,395,4,35810
5/27/2022,1,A,FITEXTRALG,,17604867,80,178878,9982,1448,,1448,63038,35.24,12,2450,450,324000,115117.5,720,0,464,32,53056
5/27/2022,1,B,FITEXTRALG,,17604867,80,64817,2193,788,,788,1777,2.74,12,2450,450,324000,236865,720,0,194,18,-416
5/27/2022,2,A,FITEXTRAXLG,,17605509,80,203795,5655,2401,,2401,11715,5.75,12,2450,450,324000,89392.5,720,0,521,60,6060
5/27/2022,2,B,FITEXTRAXLG,,17605509,80,146196,7707,1396,,1396,34516,23.61,12,2450,450,324000,149242.5,720,0,388,35,26809
5/27/2022,3,A,FIT23005A,,19378162,80,119991,9111,1136,,1400,7991,6.66,12,2175,400,288000,164533.3333,720,0,309,21,-1120
5/27/2022,3,B,FIT23005A,,19378162,80,142086,6279,1698,,1698,6246,4.40,12,2175,400,288000,145820,720,0,355,26,-33
5/27/2022,4,A,FITPLUSLG,,17666613,80,39722,7321,305,,305,15322,38.57,12,2450,450,324000,271860,720,0,116,7,8001
5/27/2022,4,B,FITPLUSLG,,17666613,80,112981,10352,1176,,1176,18901,16.73,12,2450,450,324000,170535,720,0,341,26,8549
5/27/2022,5,A,MSC33600,,17605449,56,131557,3946,2236,,2236,6341,4.82,10,2150,395,284400,137097.9167,600,0,373,32,2395
5/27/2022,5,B,MSC33600,,17605449,56,160625,5317,2731,,2731,7689,4.79,12,2150,395,284400,105774.4167,720,0,452,39,2372
5/27/2022,6,A,FITPLUSXLG,,17666625,80,205706,13154,2378,,2378,15466,7.52,12,2450,450,324000,84420,720,0,532,59,2312
5/27/2022,6,B,FITPLUSXLG,,17666625,80,197489,8311,2356,,2356,9009,4.56,12,2450,450,324000,89205,720,0,522,59,698
5/27/2022,7,A,MUP0365P,,19406950,80,107932,3844,1273,,1303,3692,3.42,12,1880,350,252000,122780,720,0,369,43,-152
5/27/2022,7,B,MUP0365P,,19406950,80,84202,1911,1010,,1010,3402,4.04,12,1880,350,252000,148668.3333,720,0,295,34,1491
5/27/2022,8,A,USAP3136LC1,,17590168,40,42374,2889,957,,957,4094,9.66,12,0,600,432000,223530,720,0,347,16,1205
5/27/2022,8,B,USAP3136LC1,,17590168,40,,,,,0,0,0,0,0,0,0,0,0,0,0,0,0
5/27/2022,9,A,FITEXTRAMD,,24506041,80,102105,3206,1209,,1209,5385,5.27,12,2450,450,324000,203647.5,720,0,267,27,2179
5/27/2022,9,B,FITEXTRAMD,,24309090,80,188672,7225,2282,,2282,6112,3.24,12,2450,450,324000,106327.5,720,0,484,51,-1113
5/27/2022,10,A,MSC13005A,,,80,181180,10488,2135,,2135,10380,5.73,12,2175,450,288000,124086.6667,720,0,410,32,-108
5/27/2022,10,B,MSC13005A,,24506041,80,145568,5236,1728,,1728,7328,5.03,12,2175,450,288000,156273.3333,720,0,329,26,2092
5/27/2022,12A,A,WAL380,,27834663,300,292768,21495,848,,848,38368,13.11,12,0,600,432000,120020,720,0,520,6,16873
5/27/2022,12A,B,WAL380,,27834663,300,252825,25579,700,,700,42825,16.94,12,0,600,432000,170370,720,0,436,5,17246
5/27/2022,12B,A,NON27357A,,26719812,300,260718,17213,679,,679,57018,21.87,12,0,600,432000,113690,720,0,531,6,39805
5/27/2022,12B,B,NON27357A,,26719812,300,200129,16595,493,,493,52229,26.10,12,0,600,432000,180000,720,0,420,4,35634
5/28/2022,1,A,FITEXTRALG,,17604867,80,0,0,702,,702,-56160,0,0,0,450,0,0,0,0,0,16,-56160
5/28/2022,1,B,FITEXTRALG,,17604867,80,127867,8970,1376,,1376,17787,13.91,12,2450,450,324000,141120,720,0,406,31,8817
5/28/2022,2,A,FITEXTRAXLG,,17605509,80,138441,5954,1819,,1819,-7079,-5.11,12,2450,450,324000,159532.5,720,0,365,45,-13033
5/28/2022,2,B,FITEXTRAXLG,,17605509,80,179075,11507,1986,,2066,13795,7.70,12,2450,450,324000,104407.5,720,0,488,52,2288
5/28/2022,3,A,FIT23005A,,19378162,80,96818,6663,1116,,1116,7538,7.79,12,2175,400,288000,184340,720,0,259,17,875
5/28/2022,3,B,FIT23005A,,19378162,80,156860,5765,1864,,1864,7740,4.93,12,2175,400,288000,129573.3333,720,0,396,28,1975
5/28/2022,4,A,FITPLUSLG,,17666613,80,64335,11666,612,,612,15375,23.90,12,2450,450,324000,237765,720,0,192,14,3709
5/28/2022,4,B,FITPLUSLG,,17666613,80,135476,10161,1431,,1431,20996,15.50,12,2450,450,324000,162000,720,0,360,32,10835
5/28/2022,5,A,MSC33600,,17605449,56,158990,3431,2752,,2752,4878,3.07,12,2150,395,284400,108908.0833,720,0,444,39,1447
5/28/2022,5,B,MSC33600,,17605449,56,79305,2729,1339,,1339,4321,5.45,12,2150,395,284400,196321.5833,720,0,223,19,1592
5/28/2022,6,A,FITPLUSXLG,,17666625,80,239588,14606,2791,,2791,16308,6.81,12,2450,450,324000,45090,720,0,620,70,1702
5/28/2022,6,B,FITPLUSXLG,,17666625,80,197058,6310,2368,,2368,7618,3.87,12,2450,450,324000,80550,720,0,541,59,1308
5/28/2022,7,A,MUP0365P,,19406950,80,39867,1909,438,,468,2427,6.09,12,1880,350,252000,196443.3333,720,0,159,16,518
5/28/2022,7,B,MUP0365P,,19406950,80,,,,,0,0,0,0,0,350,0,252000,0,252000,0,0,0
5/28/2022,8,A,USAP3136LC1,,17590168,40,36105,1983,796,,796,4265,11.81,12,0,600,432000,238780,720,0,322,13,2282
5/28/2022,8,B,USAP3136LC1,,17590168,40,60201,1304,373,,1453,2081,3.46,12,0,600,432000,130400,720,0,503,24,777
5/28/2022,9,A,FITEXTRAMD,,24506041,80,158922,11167,1785,,1785,16122,10.14,12,2450,450,324000,134617.5,720,0,421,40,4955
5/28/2022,9,B,FITEXTRAMD,,24309090,80,144094,9555,1629,,1674,10174,7.06,12,2450,450,324000,150127.5,720,0,386,37,619
5/28/2022,10,A,MSC13005A,,,80,147388,5952,1699,,1765,6188,4.20,12,2175,450,288000,153780,720,0,336,27,236
5/28/2022,10,B,MSC13005A,,24506041,80,171241,5898,1778,,2042,7881,4.60,12,2175,450,288000,134013.3333,720,0,385,31,1983
5/28/2022,12A,A,WAL380,,27834663,300,337285,22602,1040,,1040,25285,7.50,12,0,600,432000,85100,720,0,578,7,2683
5/28/2022,12A,B,WAL380,,27834663,300,215004,24189,576,,576,42204,19.63,12,0,600,432000,204840,720,0,379,4,18015
5/28/2022,12B,A,NON27357A,,26719812,300,227686,12890,662,,662,29086,12.77,12,0,600,432000,150030,720,0,470,6,16196
5/28/2022,12B,B,NON27357A,,26719812,300,163360,10351,448,,448,28960,17.73,12,0,600,432000,220770,720,0,352,4,18609
5/29/2022,1,C,FITEXTRALG,,17604867,80,134016,8874,1442,,1442,18656,13.92,12,2450,450,324000,165000,720,0,353,32,9782
5/29/2022,1,D,FITEXTRALG,,17604867,80,132765,7777,1625,,1625,2765,2.08,12,2450,450,324000,147495,720,0,392,36,-5012
5/29/2022,2,C,FITEXTRAXLG,,17605509,80,185290,8054,2045,,2045,21690,11.71,12,2450,450,324000,105262.5,720,0,486,51,13636
5/29/2022,2,D,FITEXTRAXLG,,17605509,80,124391,9211,1515,,1515,3191,2.57,12,2450,450,324000,172005,720,0,338,38,-6020
5/29/2022,3,C,FIT23005A,,19378162,80,80724,6260,909,,909,8004,9.92,12,2175,400,288000,200033.3333,720,0,220,14,1744
5/29/2022,3,D,FIT23005A,,19378162,80,36205,4665,402,,402,4045,11.17,12,2175,400,288000,247720,720,0,101,6,-620
5/29/2022,4,C,FITPLUSLG,,17666613,80,95978,7683,1019,,1019,14458,15.06,12,2450,450,324000,198705,720,0,278,23,6775
5/29/2022,4,D,FITPLUSLG,,17666613,80,32855,3409,454,45,409,-3465,-10.55,12,2450,450,324000,273270,720,0,113,10,-6874
5/29/2022,5,C,MSC33600,,17605449,56,102478,3296,1678,,1678,8510,8.30,12,2150,395,284400,170310.8333,720,0,289,24,5214
5/29/2022,5,D,MSC33600,,17605449,56,120407,3235,2150,,2150,7,0.01,12,2150,395,284400,150126.3333,720,0,340,31,-3228
5/29/2022,6,C,FITPLUSXLG,,17666625,80,205649,8663,2278,,2278,23409,11.38,12,2450,450,324000,78412.5,720,0,546,57,14746
5/29/2022,6,D,FITPLUSXLG,,17666625,80,118281,6598,1388,,1388,7241,6.12,12,2450,450,324000,175980,720,0,329,35,643
5/29/2022,7,D,MUP0365P,,19406950,80,99565,1842,1206,,1206,3085,3.10,12,1880,350,252000,127254.1667,720,0,356,40,1243
5/29/2022,8,D,USAP3136LC1,,17590168,40,,,,,0,0,0,0,0,350,0,0,0,0,0,0,0
5/29/2022,9,C,FITEXTRAMD,,24506041,80,196856,12360,2145,,2325,10856,5.51,12,2450,450,324000,87195,720,0,526,52,-1504
5/29/2022,9,D,FITEXTRAMD,,24309090,80,154647,9823,1807,,1807,10087,6.52,12,2450,450,324000,142027.5,720,0,404,40,264
5/29/2022,10,C,MSC13005A,,,80,201555,9329,1956,,1956,45075,22.36,12,2175,450,288000,107233.3333,720,0,452,30,35746
5/29/2022,10,D,MSC13005A,,24506041,80,182469,19795,2207,,2273,629,0.34,12,2175,450,288000,103786.6667,720,0,461,34,-19166
5/29/2022,12A,C,WAL380,,27834663,300,33846,8578,78,,78,10446,30.86,12,0,600,432000,390310,720,0,69,1,1868
5/29/2022,12A,D,WAL380,,27834663,300,,,,,0,0,0,0,0,600,0,0,0,0,0,0,0
5/29/2022,12B,C,NON27357A,,26719812,300,192343,13554,560,,560,24343,12.66,12,0,600,432000,193700,720,0,397,5,10789
5/29/2022,12B,D,NON27357A,,26719812,300,116598,10883,297,,297,27498,23.58,12,0,600,432000,285810,720,0,244,3,16615
5/31/2022,1,C,FITEXTRALG,,17604867,80,110964,7488,1227,0,1272,9204,8.29,12,2450,450,324000,189712.5,720,0,298,28,1716
5/31/2022,1,D,FITEXTRALG,,17604867,80,103772,8738,1197,,1197,8012,7.72,12,2450,450,324000,197415,720,0,281,27,-726
5/31/2022,2,C,FITEXTRAXLG,,,80,11190,1927,115,0,115,1990,17.78,10,2041.666667,450,270000,188370,600,44476,301,3,63
5/31/2022,2,C,INSBB100-XL,,17590233,100,102535,3832,909,0,909,11635,11.35,0,0,450,0,324000,0,324000,0,23,7803
5/31/2022,2,D,INSBB100-XL,,17590233,100,37818,1985,358,,358,2018,5.34,10,2041.666667,450,270000,144270,600,34064,399,9,33
5/31/2022,2,D,FITBASICXLG,,17589993,100,107487,6428,979,22,957,9587,8.92,0,0,450,0,324000,0,324000,0,24,3159
5/31/2022,3,C,FIT23005A,,19378162,80,102326,6761,1172,0,1172,8566,8.37,12,2175,400,288000,184040,720,0,260,18,1805
5/31/2022,3,D,FIT23005A,,19378162,80,139561,7735,1612,,1612,10601,7.60,12,2175,400,288000,143520,720,0,361,24,2866
5/31/2022,4,C,FITPLUSLG,,17666613,80,99645,13850,1025,0,1025,17645,17.71,12,2450,450,324000,198600,720,0,279,23,3795
5/31/2022,4,D,FITPLUSLG,,17666613,80,85898,9457,915,,915,12698,14.78,12,2450,450,324000,206872.5,720,0,260,20,3241
5/31/2022,5,C,MSC33600,,17605449,56,57783,3625,934,0,934,5479,9.48,12,2150,395,284400,187539.4167,720,0,245,13,1854
5/31/2022,5,D,MSC33600,,17605449,56,92632,8668,1504,,1504,8408,9.08,12,2150,395,284400,172884.9167,720,0,282,21,-260
5/31/2022,6,C,FITPLUSXLG,,17666625,80,147970,7229,1708,23,1685,11330,7.66,12,2450,450,324000,146857.5,720,0,394,43,4101
5/31/2022,6,D,FITPLUSXLG,,17666625,80,82553,8668,895,155,740,10953,13.27,12,2450,450,324000,221775,720,0,227,22,2285
5/31/2022,7,C,MUP0365P,,19406950,80,12376,1057,140,0,140,1176,9.50,12,1880,350,252000,252000,720,0,0,5,119
5/31/2022,7,D,MUP0365P,,19406950,80,81376,2561,959,,959,4656,5.72,12,1880,350,252000,149041.6667,720,0,294,32,2095
5/31/2022,8,C,USAP3136LC1,,17590168,40,8720,5651,71,0,71,5880,67.43,12,0,600,432000,363360,720,0,114,1,229
5/31/2022,8,D,USAP3136LC1,,17590168,40,45196,2171,1049,,1049,3236,7.16,12,0,600,432000,222860,720,0,349,17,1065
5/31/2022,9,C,FITPLUSMD,,24506041,80,53677,4690,538,211,327,10637,19.82,6,2450,450,324000,256440,360,0,150,12,5947
5/31/2022,9,D,FITPLUSMD,,29505889,80,139340,11643,1613,,1613,10300,7.39,12,2450,450,324000,143362.5,720,0,401,36,-1343
5/31/2022,10,C,MSC13005A,,,80,115004,5589,1343,0,1343,7564,6.58,12,2175,450,288000,182420,720,0,264,20,1975
5/31/2022,10,D,MSC13005A,,24506041,80,216072,6731,2575,,2575,10072,4.66,12,2175,450,288000,81193.33333,720,0,517,39,3341
5/31/2022,12A,C,WAL380,,27834663,300,56779,8477,135,0,135,16279,28.67,12,0,600,432000,361160,720,0,118,1,7802
5/31/2022,12A,D,WAL380,,27834663,300,216572,16130,475,,475,74072,34.20,12,0,600,432000,178600,720,0,422,3,57942
5/31/2022,12B,C,NON27357A,,26719812,300,89884,10538,224,0,224,22684,25.24,12,0,600,432000,318420,720,0,189,2,12146
5/31/2022,12B,D,NON27357A,,26719812,300,120210,26189,277,,277,37110,30.87,12,0,600,432000,270590,720,-5.82077E-11,269,2,10921
6/1/2022,1,C,FITEXTRALG,,17604867,80,98377,4512,1141,,1141,7097,7.21,12,2450,450,324000,208230,720,0,257,25,2585
6/1/2022,1,D,FITEXTRALG,,17604867,80,151278,8309,1758,2,1484,10638,7.03,12,2450,450,324000,145132.5,720,0,397,39,2329
6/1/2022,2,C,FITBASICXLG,,17589993,100,170784,7489,1489,,1489,21884,12.81,12,2450,450,324000,121087.5,720,0,451,37,14395
6/1/2022,2,D,FITBASICXLG,,17589993,100,213505,4823,2147,,2147,-1195,-0.56,12,2450,450,324000,74925,720,0,554,54,-6018
6/1/2022,3,C,FIT23005A,,19378162,80,142898,7561,1669,,1669,9378,6.56,12,2175,400,288000,142633.3333,720,0,363,25,1817
6/1/2022,3,D,FIT23005A,,19378162,80,121441,6391,1367,,1367,12081,9.95,12,2175,400,288000,161780,720,0,316,21,5690
6/1/2022,4,C,FITPLUSLG,,17666613,80,154359,10136,1552,,1687,19399,12.57,12,2450,450,324000,141862.5,720,0,405,37,9263
6/1/2022,4,D,FITPLUSLG,,17666613,80,119411,7959,1413,,1413,6371,5.34,12,2450,450,324000,177795,720,0,325,31,-1588
6/1/2022,5,C,MSC13505A,,17666047,80,108621,7223,1220,,1220,11021,10.15,8,2300,400,306000,188962.0833,480,0,275,20,3798
6/1/2022,5,D,MSC13505A,,17666047,80,136434,3832,1669,,1669,2914,2.14,12,2300,400,306000,154742.5,720,0,356,28,-918
6/1/2022,6,C,FITPLUSXLG,,17666625,80,206784,8352,2392,,2432,12224,5.91,12,2450,450,324000,85320,720,0,530,61,3872
6/1/2022,6,D,FITPLUSXLG,,17666625,80,193008,7255,2172,,2292,9648,5.00,12,2450,450,324000,98100,720,0,502,57,2393
6/1/2022,7,C,MUP0365P,,19406950,80,35800,2178,407,,407,3240,9.05,12,1880,350,252000,202317.5,720,0,142,14,1062
6/1/2022,7,D,MUP0365P,,19406950,80,83641,2588,991,,991,4361,5.21,12,1880,350,252000,146142.5,720,0,302,33,1773
6/1/2022,8,C,USAP3136LC1,,29695967,40,,,,,0,0,0,0,0,200,0,144000,0,144000,0,0,0
6/1/2022,8,D,USAP3136LC1,,29695967,40,61815,1965,1479,,1479,2655,4.30,12,0,200,432000,145650,720,0,477,25,690
6/1/2022,9,C,FITPLUSMD,,24506041,80,171138,8626,1969,,2014,10018,5.85,12,2450,450,324000,123517.5,720,0,446,45,1392
6/1/2022,9,D,FITPLUSMD,,29505889,80,142621,8681,1664,,1664,9501,6.66,12,2450,450,324000,147877.5,720,0,391,37,820
6/1/2022,10,C,MSC13005A,,,80,209236,4275,2432,,2432,14676,7.01,12,2175,450,288000,97620,720,0,476,37,10401
6/1/2022,10,D,MSC13005A,,24506041,80,123587,7072,1373,,1439,8467,6.85,12,2175,450,288000,170513.3333,720,0,294,22,1395
6/1/2022,12A,C,WAL380,,27834663,300,172189,12560,519,,519,16489,9.58,12,0,600,432000,230960,720,0,335,4,3929
6/1/2022,12A,D,WAL380,,27834663,300,191585,13779,562,,562,22985,12.00,12,0,600,432000,213430,720,0,364,4,9206
6/1/2022,12B,C,NON27357A,,26719812,300,123176,14363,231,,231,53876,43.74,12,0,600,432000,277410,720,0,258,2,39513
6/1/2022,12B,D,NON27357A,,26719812,300,141563,14706,323,,323,44663,31.55,12,0,600,432000,242640,720,-2.91038E-11,316,3,29957
6/2/2022,1,A,FITEXTRALG,,17604867,80,103674,7927,1168,1440,0,10234,9.87,12,2450,450,324000,200647.5,720,0,274,26,2307
6/2/2022,1,B,FITEXTRALG,,17604867,80,148468,9684,1692,,1692,13108,8.83,12,2450,450,324000,129480,720,0,432,38,3424
6/2/2022,2,A,FITBASICXLG,,17589993,100,175347,6428,1664,,1664,8947,5.10,12,2450,450,324000,120090,720,0,453,42,2519
6/2/2022,2,B,FITBASICXLG,,17589993,100,197607,10188,1567,,1607,36907,18.68,12,2450,450,324000,92122.5,720,0,515,40,26719
6/2/2022,3,A,FIT23005A,,19378162,80,166301,8960,1795,,1927,12141,7.30,12,2175,400,288000,119493.3333,720,0,421,29,3181
6/2/2022,3,B,FIT23005A,,19378162,80,175787,8949,2043,,2043,12347,7.02,12,2175,400,288000,111760,720,0,441,31,3398
6/2/2022,4,A,FITPLUSLG,,17666613,80,130908,12216,1184,,1454,14588,11.14,12,2450,450,324000,162285,720,0,359,32,2372
6/2/2022,4,B,FITPLUSLG,,17666613,80,130086,10621,1136,,1181,35606,27.37,12,2450,450,324000,168907.5,720,0,345,26,24985
6/2/2022,5,A,MSC13505A,,17666047,80,186505,4966,2279,,2279,4185,2.24,12,2300,400,306000,100965.8333,720,0,482,38,-781
6/2/2022,5,B,MSC13505A,,17666047,80,147069,5013,1688,,1748,7229,4.92,12,2300,400,306000,148070,720,0,372,29,2216
6/2/2022,6,A,FITULTRAXLG,,19506695,80,221373,10752,2321,,2601,13293,6.00,10,2450,450,324000,72352.5,600,0,559,65,2541
6/2/2022,6,B,FITULTRAXLG,,19506695,80,197957,7805,2212,,2332,11397,5.76,12,2450,450,324000,91860,720,0,516,58,3592
6/2/2022,7,A,MUP0365P,,19406950,80,98473,3201,1132,,1162,5513,5.60,12,1880,350,252000,131565,720,0,344,39,2312
6/2/2022,7,B,MUP0365P,,19406950,80,74481,3137,788,,878,4241,5.69,12,1880,350,252000,160445.8333,720,0,262,29,1104
6/2/2022,8,A,USAP3136LC1,,29695967,40,44656,1464,1057,,1057,2376,5.32,12,0,600,432000,235680,720,0,327,18,912
6/2/2022,8,B,USAP3136LC1,,29695967,40,65097,1970,1532,,1532,3817,5.86,12,0,600,432000,148370,720,0,473,26,1847
6/2/2022,9,A,FITPLUSMD,,24506041,80,158262,9287,1707,,1842,10902,6.89,12,2450,450,324000,135510,720,0,419,41,1615
6/2/2022,9,B,FITPLUSMD,,29505889,80,91723,10388,965,,1010,10923,11.91,12,2450,450,324000,210030,720,0,253,22,535
6/2/2022,10,A,MSC13005A,,,80,124015,6509,1262,,1460,7215,5.82,12,2175,450,288000,172886.6667,720,0,288,22,706
6/2/2022,10,B,MSC13005A,,24506041,80,218339,6898,2261,,2591,11059,5.07,12,2175,450,288000,91880,720,0,490,39,4161
6/2/2022,12A,A,WAL380,,27834663,300,104522,10162,280,,280,20522,19.63,8,0,600,432000,307120,480,0,208,2,10360
6/2/2022,12A,B,WAL380,,27834663,300,184046,11663,483,25,458,39146,21.27,12,0,600,432000,222470,720,0,349,3,27483
6/2/2022,12B,A,NON27357A,,26719812,300,234944,25172,669,,669,34244,14.58,12,0,600,432000,139470,720,0,488,6,9072
6/2/2022,12B,B,NON27357A,,26719812,300,135269,11356,282,65,217,50669,37.46,12,0,600,432000,263760,720,-5.82077E-11,280,3,39313
6/3/2022,1,A,FITEXTRALG,,17604867,80,150295,12894,1399,,1714,13175,8.77,12,2450,450,324000,142140,720,0,404,38,281
6/3/2022,1,B,FITEXTRALG,,17604867,80,98465,6161,1149,,1149,6545,6.65,12,2450,450,324000,193477.5,720,0,290,26,384
6/3/2022,2,A,FITBASICXLG,,17589993,100,172809,4530,1646,,1846,-11791,-6.82,12,2450,450,324000,122700,720,0,447,46,-16321
6/3/2022,2,B,FITBASICXLG,,17589993,100,106862,2917,954,,954,11462,10.73,12,2450,450,324000,193275,720,0,291,24,8545
6/3/2022,3,A,FIT23005A,,19378162,80,177236,9847,2108,,2108,8596,4.85,12,2175,400,288000,102573.3333,720,0,464,32,-1251
6/3/2022,3,B,FIT23005A,,19378162,80,143895,10884,1596,,1596,16215,11.27,12,2175,400,288000,142726.6667,720,0,363,24,5331
6/3/2022,4,A,FITPLUSLG,,17666613,80,133878,11631,1670,,1670,278,0.21,12,2450,450,324000,163267.5,720,0,357,37,-11353
6/3/2022,4,B,FITPLUSLG,,17666613,80,153992,10709,1669,,1669,20472,13.29,12,2450,450,324000,140520,720,0,408,37,9763
6/3/2022,5,A,MSC13505A,,17666047,80,134260,4985,1635,,1635,3460,2.58,12,2300,400,306000,156060,720,0,353,27,-1525
6/3/2022,5,B,MSC13505A,,17666047,80,33880,567,423,,423,40,0.12,12,2300,400,306000,269726.25,720,0,85,7,-527
6/3/2022,6,A,FITULTRAXLG,,19506695,80,259097,9287,2994,,3114,9977,3.85,12,2450,450,324000,32280,720,0,648,78,690
6/3/2022,6,B,FITULTRAXLG,,19506695,80,182882,10092,2104,,2104,14562,7.96,12,2450,450,324000,105667.5,720,0,485,53,4470
6/3/2022,7,A,MUP0305P,,17720027,90,19034,1336,173,,173,3464,18.20,8,1980,350,252000,228165,480,0,68,4,2128
6/3/2022,7,B,MUP0305P,,17720027,90,77297,2018,802,,802,5117,6.62,12,1980,350,252000,159121.6667,720,0,265,20,3099
6/3/2022,8,A,USAP3136LC1,,29695967,40,62860,2525,1474,,1474,3900,6.20,12,0,600,432000,156810,720,0,459,25,1375
6/3/2022,8,B,USAP3136LC1,,29695967,40,39210,1963,900,,900,3210,8.19,12,0,600,432000,246580,720,0,309,15,1247
6/3/2022,9,A,FITULTRARG,,24506041,80,67609,7498,670,,715,10409,15.40,12,2450,450,324000,236932.5,720,0,193,16,2911
6/3/2022,9,B,FITULTRARG,,17589961,80,115280,11335,1311,,1311,10400,9.02,12,2450,450,324000,180067.5,720,0,320,29,-935
6/3/2022,10,A,MSC13005A,,,80,122989,6164,1442,,1442,7629,6.20,12,2175,450,288000,174433.3333,720,0,284,22,1465
6/3/2022,10,B,MSC13005A,,24506041,80,181426,6918,2141,,2141,10146,5.59,12,2175,450,288000,123533.3333,720,0,411,32,3228
6/3/2022,12A,A,WAL380,,27834663,300,273823,14186,819,,819,28123,10.27,12,0,600,432000,125180,720,0,511,6,13937
6/3/2022,12A,B,WAL380,,27834663,300,292173,11975,858,,858,34773,11.90,12,0,600,432000,105420,720,0,544,6,22798
6/3/2022,12B,A,NON27357A,,26719812,300,124549,16799,241,,241,52249,41.95,12,0,600,432000,263590,720,-5.82077E-11,281,2,35450
6/3/2022,12B,B,NON27357A,,26719812,300,208891,13395,543,,543,45991,22.02,12,0,600,432000,174970,720,0,428,5,32596
6/4/2022,1,A,FITEXTRALG,,17604867,80,31789,3044,362,,362,2829,8.90,12,2450,450,324000,274095,720,0,111,8,-215
6/4/2022,1,B,FITEXTRALG,,17604867,80,168445,9364,1955,,1955,12045,7.15,12,2450,450,324000,114180,720,0,466,43,2681
6/4/2022,2,A,FITBASICXLG,,17589993,100,164077,8218,1582,,1582,5877,3.58,12,2450,450,324000,132420,720,0,426,40,-2341
6/4/2022,2,B,FITBASICXLG,,17589993,100,125681,8853,1166,,1166,9081,7.23,12,2450,450,324000,168517.5,720,0,346,29,228
6/4/2022,3,A,FIT23005A,,19378162,80,169855,6974,2079,,2079,3535,2.08,12,2175,400,288000,110760,720,0,443,32,-3439
6/4/2022,3,B,FIT23005A,,19378162,80,105648,4869,1254,,1254,5328,5.04,12,2175,400,288000,179233.3333,720,0,272,19,459
6/4/2022,4,A,FITPLUSLG,,17666613,80,119010,13226,1337,,1337,12050,10.13,12,2450,450,324000,182587.5,720,0,314,30,-1176
6/4/2022,4,B,FITPLUSLG,,17666613,80,61171,9745,650,,650,9171,14.99,12,2450,450,324000,242962.5,720,0,180,14,-574
6/4/2022,5,A,MSC13505A,,17666047,80,158693,3410,1942,,1942,3333,2.10,12,2300,400,306000,139640.8333,720,0,391,32,-77
6/4/2022,5,B,MSC13505A,,17666047,80,178497,4083,2161,,2161,5617,3.15,12,2300,400,306000,113460.8333,720,0,453,36,1534
6/4/2022,6,A,FITULTRAXLG,,19506695,80,232432,14212,2707,31,2676,15872,6.83,12,2450,450,324000,52635,720,0,603,68,1660
6/4/2022,6,B,FITULTRAXLG,,19506695,80,195596,9081,2271,,2271,13916,7.11,12,2450,450,324000,87712.5,720,0,525,57,4835
6/4/2022,7,A,MUP0305P,,17720027,90,153822,2577,1653,,1653,5052,3.28,12,1980,350,252000,72584.16667,720,0,513,41,2475
6/4/2022,7,B,MUP0305P,,17720027,90,78956,1463,845,,845,2906,3.68,12,1980,350,252000,163170,720,0,254,21,1443
6/4/2022,8,A,USAP3136LC1,,29695967,40,49258,2188,1099,,1099,5298,10.76,12,0,600,432000,207760,720,0,374,18,3110
6/4/2022,8,B,USAP3136LC1,,29695967,40,18530,1044,437,,437,1050,5.67,12,0,600,432000,337850,720,0,157,7,6
6/4/2022,9,A,FITULTRARG,,24506041,80,154362,13673,1700,,1745,14762,9.56,12,2450,450,324000,130582.5,720,0,430,39,1089
6/4/2022,9,B,FITULTRARG,,17589961,80,115713,10212,1295,,1295,12113,10.47,12,2450,450,324000,183817.5,720,0,312,29,1901
6/4/2022,10,A,MSC13005A,,,80,176685,7605,2109,,2109,7965,4.51,12,2175,450,288000,128320,720,0,399,32,360
6/4/2022,10,B,MSC13005A,,24506041,80,178726,6508,2115,,2115,9526,5.33,12,2175,450,288000,127780,720,0,401,32,3018
6/4/2022,12A,A,WAL380,,27834663,300,283314,9371,888,,888,16914,5.97,12,0,600,432000,115540,720,0,527,6,7543
6/4/2022,12A,B,WAL380,,27834663,300,197036,8604,560,,560,29036,14.74,12,0,600,432000,210570,720,0,369,4,20432
6/4/2022,12B,A,NON27357A,,26719812,300,178644,13239,498,,498,29244,16.37,12,0,600,432000,210640,720,0,369,4,16005
6/4/2022,12B,B,NON27357A,,26719812,300,204929,13729,539,,539,43229,21.09,12,0,600,432000,178070,720,0,423,5,29500
6/5/2022,1,A,FITEXTRALG,,17604867,80,108515,7319,1289,,1289,5395,4.97,12,2450,450,324000,183195,720,0,313,29,-1924
6/5/2022,1,B,FITEXTRALG,,17604867,80,149467,7083,1743,,1743,10027,6.71,12,2450,450,324000,133267.5,720,0,424,39,2944
6/5/2022,2,A,FITBASICXLG,,17589993,100,183986,7527,1746,,1746,9386,5.10,12,2450,450,324000,109110,720,0,478,44,1859
6/5/2022,2,B,FITBASICXLG,,17589993,100,58505,7338,506,120,386,19905,34.02,12,2450,450,324000,246015,720,0,173,10,12567
6/5/2022,3,A,PUW03,,17590184,80,136369,10063,440,,1562,11409,8.37,10,2175,400,288000,147113.3333,600,0,352,24,1346
6/5/2022,3,B,PUW03,,17590184,80,64236,3614,348,,744,4716,7.34,10,1812.5,400,360000,271130,600,64017,268,11,1102
6/5/2022,3,B,FIT33005A,,26527488,80,41335,3724,460,,460,4535,10.97,0,0,400,0,288000,0,288000,0,7,811
6/5/2022,4,A,FITULTRALG,,17590113,80,29295,9527,179,,224,11375,38.83,10,2450,450,324000,275137.5,600,0,109,5,1848
6/5/2022,4,B,FITULTRALG,,17590113,80,44061,7657,380,,380,13661,31.00,12,2450,450,324000,256657.5,720,0,150,8,6004
6/5/2022,5,A,MSC13505A,,17666047,80,89738,4800,937,,1057,5178,5.77,12,2300,400,306000,200925.8333,720,0,247,18,378
6/5/2022,5,B,MSC13505A,,17666047,80,19402,1380,241,,241,122,0.63,12,2300,400,306000,306000,720,0,0,4,-1258
6/5/2022,6,A,FITULTRAXLG,,19506695,80,172402,7286,2023,,2063,7362,4.27,12,2450,450,324000,105120,720,0,486,52,76
6/5/2022,6,B,FITULTRAXLG,,19506695,80,185104,8600,2146,257,1889,32624,17.62,12,2450,450,324000,85320,720,0,530,48,24024
6/5/2022,7,A,MUP0305P,,17720027,90,116679,2572,1244,,1244,4719,4.04,12,1980,350,252000,113230.8333,720,0,396,31,2147
6/5/2022,7,B,MUP0305P,,17720027,90,67736,2195,697,,697,5006,7.39,12,1980,350,252000,168682.5,720,0,238,17,2811
6/5/2022,8,A,USAP3136LC1,,29695967,40,,,,,0,0,0,0,0,200,0,144000,0,144000,0,0,0
6/5/2022,8,B,USAP3136LC1,,29695967,40,,,,,0,0,0,0,0,0,0,0,0,0,0,0,0
6/5/2022,9,A,FITULTRARG,,24506041,80,69019,8365,328,,733,10379,15.04,12,2450,450,324000,232455,720,0,203,16,2014
6/5/2022,9,B,FITULTRARG,,17589961,80,174848,12121,2009,,2009,14128,8.08,12,2450,450,324000,119782.5,720,0,454,45,2007
6/5/2022,10,A,MSC13005A,,,80,193792,8406,2271,,2271,12112,6.25,12,2175,450,288000,111220,720,0,442,34,3706
6/5/2022,10,B,MSC13005A,,24506041,80,170705,10512,2006,,2006,10225,5.99,12,2175,450,288000,133786.6667,720,0,386,30,-287
6/5/2022,12A,A,WAL380,,27834663,300,166304,10715,452,,452,30704,18.46,12,0,600,432000,244850,720,0,312,3,19989
6/5/2022,12A,B,WAL380,,27834663,300,,,,,0,0,0,0,0,0,0,0,0,0,0,0,0
6/5/2022,12B,A,NON27357A,,26719812,300,259104,10547,753,,753,33204,12.81,12,0,600,432000,116240,720,0,526,7,22657
6/5/2022,12B,B,NON27357A,,26719812,300,255224,16234,728,,728,36824,14.43,12,0,600,432000,116240,720,0,526,7,20590
6/6/2022,1,C,FITEXTRALG,,17604867,80,96172,10621,824,147,902,12252,12.74,12,2450,450,324000,207517.5,720,0,259,23,1631
6/6/2022,1,D,FITEXTRALG,,17604867,80,130245,8523,1582,,1582,3685,2.83,12,2450,450,324000,149062.5,720,0,389,35,-4838
6/6/2022,2,C,FITBASICXXL,,17605027,100,66772,6954,570,15,555,9772,14.63,10,2450,450,324000,236497.5,600,0,194,14,2818
6/6/2022,2,D,FITBASICXXL,,17605027,100,142913,12269,1238,90,1148,19113,13.37,12,2450,450,324000,151620,720,0,383,31,6844
6/6/2022,3,C,FIT33005A,,26527488,80,118709,6746,1354,,1354,10389,8.75,12,2175,400,288000,163393.3333,720,0,312,21,3643
6/6/2022,3,D,FIT33005A,,26527488,80,127104,8511,1425,,1425,13104,10.31,12,2175,400,288000,154200,720,0,335,22,4593
6/6/2022,4,C,FITULTRALG,,17590113,80,98057,9221,1019,,1064,12937,13.19,12,2450,450,324000,207727.5,720,0,258,24,3716
6/6/2022,4,D,FITULTRALG,,17590113,80,47846,5655,444,,444,12326,25.76,12,2450,450,324000,254872.5,720,0,154,10,6671
6/6/2022,5,C,MSC13505A,,17666047,80,248109,4086,2953,,2953,11869,4.78,12,2300,400,306000,43307.5,720,0,618,49,7783
6/6/2022,5,D,MSC13505A,,17666047,80,144244,4726,1767,,1767,2884,2.00,12,2300,400,306000,138670.4167,720,0,394,29,-1842
6/6/2022,6,C,FITRESTOREXLG,,26730636,80,96070,6253,938,,978,17830,18.56,10,2450,450,324000,190492.5,600,0,297,24,11577
6/6/2022,6,D,FITRESTOREXLG,,26730636,80,116018,8272,1432,,1432,1458,1.26,12,2450,450,324000,172492.5,720,0,337,36,-6814
6/6/2022,7,C,MUP0305P,,17720027,90,95966,2062,712,,952,10286,10.72,12,1980,350,252000,134242.5,720,0,336,24,8224
6/6/2022,7,D,MUP0305P,,17720027,90,113556,2426,1288,,1288,-2364,-2.08,12,1980,350,252000,108365.8333,720,0,410,32,-4790
6/6/2022,8,C,USAP3136LC1,,29695967,40,26252,2215,556,,556,4012,15.28,12,0,600,432000,301710,720,0,217,9,1797
6/6/2022,8,D,USAP3136LC1,,29695967,40,39443,2313,909,,909,3083,7.82,12,0,600,432000,236980,720,0,325,15,770
6/6/2022,9,C,FITULTRARG,,24506041,80,89208,7245,1024,,1024,7288,8.17,10,2041.666667,450,270000,186562.5,600,44049,305,23,43
6/6/2022,9,C,FITEXTRARG,,,80,21267,620,200,,200,5267,24.77,0,0,450,0,324000,0,324000,0,4,4647
6/6/2022,9,D,FITEXTRARG,,28056881,80,127180,7989,1556,,1556,2700,2.12,12,2450,450,324000,162960,720,0,358,35,-5289
6/6/2022,10,C,MSC13005A,,,80,181630,8888,2107,,2107,13070,7.20,12,2175,450,288000,124293.3333,720,0,409,32,4182
6/6/2022,10,D,MSC13005A,,24506041,80,124840,10953,1463,,1463,7800,6.25,12,2175,450,288000,170546.6667,720,0,294,22,-3153
6/6/2022,12A,C,WAL380,,27834663,300,35809,4081,50,,50,20809,58.11,8,0,600,288000,324490,480,144218,179,0,16728
6/6/2022,12A,C,CVS360094,,28056882,240,35809,4081,240,,240,-21791,-60.85,0,0,600,0,432000,0,432000,0,1,-25872
6/6/2022,12A,D,CVS360094,,28056882,240,201362,13962,816,,816,5522,2.74,12,0,600,432000,202650,720,0,382,5,-8440
6/6/2022,12B,C,NON27357A,,26719812,300,188825,14560,512,,512,35225,18.65,12,0,600,432000,182490,720,0,416,5,20665
6/6/2022,12B,D,NON27357A,,26719812,300,160325,12850,364,,364,51125,31.89,12,0,600,432000,209820,720,0,370,3,38275
6/7/2022,1,C,FITEXTRALG,,17604867,80,201434,18718,2270,,2270,19834,9.85,12,2450,450,324000,75930,720,0,551,50,1116
6/7/2022,1,D,FITEXTRALG,,17604867,80,128960,11921,1423,135,1288,15120,11.72,12,2450,450,324000,153780,720,0,378,32,3199
6/7/2022,2,C,FITBASICXXL,,17605027,100,149903,6811,1370,,1370,12903,8.61,12,2450,450,324000,150157.5,720,0,386,34,6092
6/7/2022,2,D,FITBASICXXL,,17605027,100,192874,6211,1820,,1820,10874,5.64,12,2450,450,324000,98055,720,0,502,46,4663
6/7/2022,3,C,FIT33005A,,26527488,80,77033,9497,894,,894,5513,7.16,12,2175,400,288000,204960,720,0,208,14,-3984
6/7/2022,3,D,FIT33005A,,26527488,80,88377,7400,997,,997,8617,9.75,12,2175,400,288000,196466.6667,720,0,229,15,1217
6/7/2022,4,C,FITULTRALG,,17590113,80,129507,8296,1463,,1463,12467,9.63,12,2450,450,324000,168300,720,0,346,33,4171
6/7/2022,4,D,FITULTRALG,,17590113,80,109203,8260,1210,,1210,12403,11.36,12,2450,450,324000,183900,720,0,311,27,4143
6/7/2022,5,C,MSC13505A,,17666047,80,248318,6239,3004,,3064,3198,1.29,12,2300,400,306000,42039.58333,720,0,621,51,-3041
6/7/2022,5,D,MSC13505A,,17666047,80,135309,4426,1547,,1547,11549,8.54,12,2300,400,306000,155875.8333,720,0,353,26,7123
6/7/2022,6,C,FITRESTOREXLG,,26730636,80,80820,4826,977,,977,2660,3.29,6,2450,450,324000,228412.5,360,0,212,24,-2166
6/7/2022,6,D,FITRESTOREXLG,,26730636,80,128296,6557,1506,,1506,7816,6.09,12,2450,450,324000,168472.5,720,0,346,38,1259
6/7/2022,7,C,MUP0365P,,,80,91574,2212,970,,970,13974,15.26,12,1880,350,252000,141505,720,0,316,32,11762
6/7/2022,7,D,MUP0305P,,17720027,90,49531,1839,534,,534,1471,2.97,12,1980,350,252000,188696.6667,720,0,181,13,-368
6/7/2022,8,C,USAP3136LC1,,29695967,40,9774,2265,178,,178,2654,27.15,12,0,600,432000,367050,720,0,108,3,389
6/7/2022,8,D,USAP3136LC1,,29695967,40,37866,2574,859,,859,3506,9.26,12,0,600,432000,248950,720,0,305,14,932
6/7/2022,9,C,FITEXTRARG,,24506041,80,126676,8087,1463,,1463,9636,7.61,12,2450,450,324000,164775,720,0,354,33,1549
6/7/2022,9,D,FITEXTRARG,,28056881,80,118433,9262,1328,,1328,12193,10.30,12,2450,450,324000,173167.5,720,0,335,30,2931
6/7/2022,10,C,MSC13005A,,,80,232509,9948,2700,,2766,11229,4.83,12,2175,450,288000,77180,720,0,527,42,1281
6/7/2022,10,D,MSC13005A,,24506041,80,54555,5487,625,,625,4555,8.35,12,2175,450,288000,233993.3333,720,0,135,9,-932
6/7/2022,12A,C,CVS360094,,28056882,240,236008,14366,800,,800,44008,18.65,12,0,600,432000,163630,720,0,447,4,29642
6/7/2022,12A,D,CVS360094,,28056882,240,207750,26260,690,,690,42150,20.29,12,0,600,432000,195210,720,0,395,4,15890
6/7/2022,12B,C,NON27357A,,26719812,300,160251,21537,287,,287,74151,46.27,12,0,600,432000,233980,720,0,330,3,52614
6/7/2022,12B,D,NON27357A,,26719812,300,136182,16213,336,,336,35382,25.98,12,0,600,432000,273740,720,0,264,3,19169
6/8/2022,1,C,FITEXTRALG,,17604867,80,97619,7889,1265,360,905,-3581,-3.67,12,2450,450,324000,209445,720,0,255,28,-11470
6/8/2022,1,D,FITEXTRALG,,17604867,80,114320,11546,1273,,1273,12480,10.92,12,2450,450,324000,111322.5,720,0,473,28,934
6/8/2022,2,C,FITBASICXXL,,17605027,100,101380,5133,981,0,981,3280,3.24,12,2450,450,324000,192472.5,720,0,292,25,-1853
6/8/2022,2,D,FITBASICXXL,,17605027,100,21125,2154,158,,158,5325,25.21,12,2450,450,324000,292680,720,0,70,4,3171
6/8/2022,3,C,FIT33005A,,26527488,80,120272,6736,1362,0,1428,6032,5.02,12,2175,400,288000,162300,720,0,314,22,-704
6/8/2022,3,D,FIT33005A,,26527488,80,56918,3727,638,,638,5878,10.33,12,2175,400,288000,226066.6667,720,0,155,10,2151
6/8/2022,4,C,FITULTRALG,,17590113,80,147516,8342,1551,0,1731,9036,6.13,12,2450,450,324000,150915,720,0,385,38,694
6/8/2022,4,D,FITULTRALG,,17590113,80,82901,7435,912,,957,6341,7.65,12,2450,450,324000,208177.5,720,0,257,21,-1094
6/8/2022,5,C,MSC13505A,,17666047,80,189089,6747,2245,0,2245,9489,5.02,12,2300,400,306000,104776.6667,720,0,473,37,2742
6/8/2022,5,D,MSC13505A,,17666047,80,67840,2327,840,,840,640,0.94,12,2300,400,306000,227098.75,720,0,186,14,-1687
6/8/2022,6,C,FRSU2,,17666647,80,57142,5731,614,0,614,8022,14.04,10,2450,450,324000,246270,600,0,173,15,2291
6/8/2022,6,D,FRSU2,,17666647,80,73813,4856,866,,866,4533,6.14,12,2450,450,324000,227490,720,0,214,22,-323
6/8/2022,7,C,MUP0305P,,17720027,90,85534,3391,882,0,882,6154,7.19,12,1980,350,252000,143575.8333,720,0,310,22,2763
6/8/2022,7,D,MUP0305P,,17720027,90,25953,4097,236,,236,4713,18.16,12,1980,350,252000,213511.6667,720,0,110,6,616
6/8/2022,8,C,USAP3136LC1,,29695967,40,17059,2491,321,0,321,4219,24.73,12,0,600,432000,340270,720,0,153,5,1728
6/8/2022,8,D,USAP3136LC1,,29695967,40,32771,1989,764,,764,2211,6.75,12,0,600,432000,261880,720,0,284,13,222
6/8/2022,9,C,FITEXTRARG,,24506041,80,142349,11457,1635,0,1635,11549,8.11,12,2450,450,324000,151237.5,720,0,384,36,92
6/8/2022,9,D,FITEXTRARG,,28056881,80,87130,7240,1009,,1009,6410,7.36,12,2450,450,324000,204187.5,720,0,266,22,-830
6/8/2022,10,C,MSC13005A,,,80,76713,4958,824,172,718,5513,7.19,12,2175,450,288000,216973.3333,720,0,178,13,555
6/8/2022,10,D,MSC13005A,,24506041,80,82922,3049,969,,969,5402,6.51,12,2175,450,288000,206706.6667,720,0,203,15,2353
6/8/2022,12A,C,CVS360094,,28056882,240,221860,13174,849,0,849,18100,8.16,12,0,600,432000,178680,720,0,422,5,4926
6/8/2022,12A,D,CVS360094,,28056882,240,104050,8552,433,,433,130,0.12,12,0,600,432000,305770,720,0,210,2,-8422
6/8/2022,12B,C,NON27357A,,26719812,300,158188,18711,336,0,336,57388,36.28,12,0,600,432000,240570,720,0,319,3,38677
6/8/2022,12B,D,NON27357A,,26719812,300,96648,18678,196,124,72,37848,39.16,12,0,600,432000,295360,720,0,228,2,19170
